true_re,pred_re,uin
100.0,100.00000000000004,0.1
150.0,151.92144403638818,0.55
220.0,222.30753049664352,1.0
320.0,319.6818525679298,0.1
450.0,453.68189304041766,0.55
560.0,557.3660476739553,1.0
680.0,673.7755951171893,0.1
780.0,770.3231397392789,0.55
900.0,883.1281584553069,1.0
1000.0,961.782994524233,0.1
