{
  "mean": [
    3.8581669628910036,
    0.000576899777931195,
    0.004757156956364427,
    0.01308372757688032,
    -0.452109292530165,
    17.587151012222655
  ],
  "std": [
    4.279331113167531,
    0.16253793792935556,
    0.16085171905474321,
    7.235110560183051,
    29.03996195419947,
    21.692772189304446
  ]
}